2274361,0,1,add_task
2274363,0,1,add_task
2274364,0,2,update_params
2274365,0,1,add_task
2274366,0,7,priority_update
2274367,0,1,add_task
2274368,1,1,add_task
2274368,2,1,add_task
2274369,3,1,add_task
2274370,4,1,add_task
2274371,5,1,add_task
2274372,6,1,add_task
2274373,7,1,add_task
2274374,8,1,add_task
2274375,9,1,add_task
2274376,0,3,add_blocked_task
2274377,1,1,add_ready_task
2276378,1,1,run
2276380,0,1,add_low_priority
2276381,1,2147483647,add_high_priority
2276382,1,2147483647,run
2276383,0,1,add_task
2276384,-1,-1,reset
2276385,0,2,add_task
2276386,0,2,delay_200
2276586,0,2,run
2276588,0,2,delay_300
2276887,0,2,run
2281888,0,1,unblock
2281890,0,1,run
2281891,0,1,skipped
2282092,0,1,unblock
2282093,0,2,run1
2282592,0,2,run2
2282594,-1,-1,time_tick
2282595,0,1,run
2282596,0,1,skipped
2283596,0,1,unblock
2283597,1,2,unblock
2283598,0,1,zero_period
2283599,0,1,delay_updated
2283600,0,3,lock_resource
2283601,0,1,unlock_resource
2283602,1,5,run
2283603,0,3,run
2283604,1,4,run
2283605,1,3,run
2283606,0,1,lock_resource_no_effect
2283607,0,1,retry_attempt
2283608,0,1,retry_result
2283609,0,1,retry_0
2283610,0,1,retry_1
2283611,0,1,retry_2_final
2283612,0,1,retry_nonfatal
2283613,0,1,retry_fatal
2283614,0,1,retry_loop
2283615,0,1,retry_loop
2283616,0,1,retry_loop
2283617,0,1,retry_loop
2283618,0,1,retry_loop
2283619,0,1,retry_loop
2283620,0,1,retry_loop
2283621,0,1,retry_loop
2283621,0,1,retry_loop
2283622,0,1,retry_loop
2283623,0,1,retry_loop
2283624,0,1,retry_loop
2283625,0,1,retry_loop
2283626,0,1,retry_loop
2283627,0,1,retry_loop
2283628,0,1,retry_loop
2283629,0,1,retry_loop
2283630,0,1,retry_loop
2283631,0,1,retry_loop
2283632,0,1,retry_loop
2283633,0,1,retry_loop
2283634,0,1,retry_loop
2283635,0,1,retry_loop
2283636,0,1,retry_loop
2283637,0,1,retry_loop
2283638,0,1,retry_loop
2283639,0,1,retry_loop
2283639,0,1,retry_loop
2283640,0,1,retry_loop
2283642,0,1,retry_loop
2283643,0,1,retry_loop
2283644,0,1,retry_loop
2283644,0,1,retry_loop
2283645,0,1,retry_loop
2283646,0,1,retry_loop
2283647,0,1,retry_loop
2283648,0,1,retry_loop
2283649,0,1,retry_loop
2283650,0,1,retry_loop
2283651,0,1,retry_loop
2283652,0,1,retry_loop
2283653,0,1,retry_loop
2283654,0,1,retry_loop
2283655,0,1,retry_loop
2283656,0,1,retry_loop
2283657,0,1,retry_loop
2283658,0,1,retry_loop
2283659,0,1,retry_loop
2283660,0,1,retry_loop
2283661,0,1,retry_loop
2283661,0,1,retry_loop
2283662,0,1,retry_loop
2283663,0,1,retry_loop
2283664,0,1,retry_loop
2283665,0,1,retry_loop
2283666,0,1,retry_loop
2283667,0,1,retry_loop
2283668,0,1,retry_loop
2283669,0,1,retry_loop
2283670,0,1,retry_loop
2283671,0,1,retry_loop
2283672,0,1,retry_loop
2283673,0,1,retry_loop
2283674,0,1,retry_loop
2283675,0,1,retry_loop
2283676,0,1,retry_loop
2283677,0,1,retry_loop
2283678,0,1,retry_loop
2283678,0,1,retry_loop
2283679,0,1,retry_loop
2283680,0,1,retry_loop
2283681,0,1,retry_loop
2283682,0,1,retry_loop
2283683,0,1,retry_loop
2283684,0,1,retry_loop
2283685,0,1,retry_loop
2283686,0,1,retry_loop
2283687,0,1,retry_loop
2283688,0,1,retry_loop
2283689,0,1,retry_loop
2283689,0,1,retry_loop
2283691,0,1,retry_loop
2283692,0,1,retry_loop
2283693,0,1,retry_loop
2283694,0,1,retry_loop
2283695,0,1,retry_loop
2283695,0,1,retry_loop
2283696,0,1,retry_loop
2283697,0,1,retry_loop
2283698,0,1,retry_loop
2283699,0,1,retry_loop
2283700,0,1,retry_loop
2283701,0,1,retry_loop
2283702,0,1,retry_loop
2283703,0,1,retry_loop
2283704,0,1,retry_loop
2283704,0,1,retry_loop
2283705,0,1,retry_loop
2283706,0,1,retry_loop
2283708,0,1,retry_loop
2283709,0,1,flaky_retry
2283710,0,1,flakyTask_failure
2283711,0,1,null_task_added
2283712,0,1,null_task_run_checked
2283713,0,1,null_failure_procedure_retry
2283714,0,1,task_added_with_A
2283714,0,-1,handler_A
2283715,0,1,handler_updated_to_B
2283716,0,-1,handler_B
2283717,0,1,delay_2000
2283718,0,1,attempted_early_run
2283719,0,1,locked_resource
2283720,0,1,unlocked_twice
2283721,0,1,marked_failed
2283722,0,1,reset_to_ready
2284378,0,10,high_priority_run
2284380,0,10,blocked
2284381,1,1,low_priority_got_to_run
2284382,0,5,delayed_high_priority
2284383,0,5,blocked_run_attempted
2284385,0,2,priority_inherited
2284386,0,2,priority_restored
2284387,0,1,run_with_all_blocked
2284388,0,1,reset_and_ready
2284389,0,1,failure_called
2284490,0,10,run
2284491,0,10,run
2284492,1,1,run
2284499,0,10,run
2284500,0,10,run
2284501,1,1,run
2284509,0,10,run
2284510,0,10,run
2284511,1,1,run
2284519,0,10,run
2284520,0,10,run
2284521,1,1,run
2284529,0,10,run
2284530,0,10,run
2284531,1,1,run
2284539,0,10,run
2284540,0,10,run
2284541,1,1,run
2284549,0,10,run
2284550,0,10,run
2284551,1,1,run
2284559,0,10,run
2284561,0,10,run
2284562,1,1,run
2284569,0,10,run
2284571,0,10,run
2284571,1,1,run
2284579,0,10,run
2284581,0,10,run
2284582,1,1,run
2284589,0,10,run
2284591,0,10,run
2284592,1,1,run
2284599,0,10,run
2284600,0,10,run
2284601,1,1,run
2284609,0,10,run
2284610,0,10,run
2284611,1,1,run
2284612,1,1,run
2284619,0,10,run
2284620,0,10,run
2284621,0,10,run
2284622,1,1,run
2284629,0,10,run
2284630,0,10,run
2284631,1,1,run
2284632,1,1,run
2284639,0,10,run
2284640,0,10,run
2284641,0,10,run
2284642,1,1,run
2284649,0,10,run
2284650,0,10,run
2284651,1,1,run
2284652,1,1,run
2284659,0,10,run
2284660,0,10,run
2284661,0,10,run
2284662,1,1,run
2284669,0,10,run
2284670,0,10,run
2284671,1,1,run
2284672,1,1,run
2284679,0,10,run
2284680,0,10,run
2284681,1,1,run
2284682,1,1,run
2284689,0,10,run
2284690,0,10,run
2284691,0,10,run
2284699,0,10,run
2284700,0,10,run
2284701,1,1,run
2284702,1,1,run
2284709,0,10,run
2284710,0,10,run
2284711,1,1,run
2284712,1,1,run
2284719,0,10,run
2284720,0,10,run
2284721,1,1,run
2284722,1,1,run
2284729,0,10,run
2284731,0,10,run
2284732,1,1,run
2284739,0,10,run
2284740,0,10,run
2284741,1,1,run
2284749,0,10,run
2284750,0,10,run
2284751,1,1,run
2284759,0,10,run
2284760,0,10,run
2284761,1,1,run
2284769,0,10,run
2284770,0,10,run
2284771,0,10,run
2284772,1,1,run
2284779,0,10,run
2284780,0,10,run
2284781,1,1,run
2284782,1,1,run
2284789,0,10,run
2284790,0,10,run
2284791,1,1,run
2284799,0,10,run
2284800,0,10,run
2284801,1,1,run
2284802,1,1,run
2284809,0,10,run
2284810,0,10,run
2284811,1,1,run
2284819,0,10,run
2284820,0,10,run
2284821,0,10,run
2284822,1,1,run
2284829,0,10,run
2284830,0,10,run
2284831,1,1,run
2284832,1,1,run
2284839,0,10,run
2284840,0,10,run
2284842,1,1,run
2284849,0,10,run
2284850,0,10,run
2284851,1,1,run
2284852,1,1,run
2284859,0,10,run
2284860,0,10,run
2284861,1,1,run
2284869,0,10,run
2284870,0,10,run
2284871,0,10,run
2284872,1,1,run
2284879,0,10,run
2284880,0,10,run
2284881,0,10,run
2284882,1,1,run
2284889,0,10,run
2284890,0,10,run
2284891,1,1,run
2284899,0,10,run
2284900,0,10,run
2284901,1,1,run
2284902,1,1,run
2284909,0,10,run
2284910,0,10,run
2284911,0,10,run
2284912,1,1,run
2284919,0,10,run
2284920,0,10,run
2284921,1,1,run
2284922,1,1,run
2284929,0,10,run
2284930,0,10,run
2284932,1,1,run
2284939,0,10,run
2284940,0,10,run
2284942,1,1,run
2284949,0,10,run
2284950,0,10,run
2284951,1,1,run
2284959,0,10,run
2284960,0,10,run
2284961,1,1,run
2284962,1,1,run
2284969,0,10,run
2284970,0,10,run
2284971,1,1,run
2284972,1,1,run
2284973,1,1,run
2284979,0,10,run
2284980,0,10,run
2284981,1,1,run
2284982,1,1,run
2284983,1,1,run
2285089,9,10,run
2285091,8,9,run
2285092,9,10,run
2285093,7,8,run
2285094,8,9,run
2285095,9,10,run
2285096,6,7,run
2285097,7,8,run
2285098,8,9,run
2285098,9,10,run
2285099,5,6,run
2285100,6,7,run
2285101,7,8,run
2285102,8,9,run
2285103,9,10,run
2285104,4,5,run
2285105,5,6,run
2285106,6,7,run
2285107,7,8,run
2285108,8,9,run
2285109,9,10,run
2285110,3,4,run
2285111,4,5,run
2285112,5,6,run
2285113,6,7,run
2285114,7,8,run
2285115,8,9,run
2285116,9,10,run
2285117,2,3,run
2285119,3,4,run
2285120,4,5,run
2285121,5,6,run
2285122,6,7,run
2285123,7,8,run
2285124,8,9,run
2285125,9,10,run
2285126,1,2,run
2285127,2,3,run
2285128,3,4,run
2285129,4,5,run
2285130,5,6,run
2285131,6,7,run
2285132,7,8,run
2285133,8,9,run
2285134,9,10,run
2285135,0,1,run
2285136,1,2,run
2285137,2,3,run
2285138,3,4,run
2285139,4,5,run
2285140,5,6,run
2285141,6,7,run
2285142,7,8,run
2285143,8,9,run
2285144,9,10,run
2285145,1,9,run
2285146,1,9,run
2285147,6,7,run
2285148,7,7,run
2285149,4,6,run
2285150,4,6,run
2285150,5,6,run
2285151,3,5,run
2285152,3,5,run
2285153,8,5,run
2285154,9,5,run
2285155,2,4,run
2285156,9,5,run
2285157,0,3,run
2285159,0,3,run
2285160,0,7,run
2285161,0,7,run
2285162,6,6,run
2285163,4,5,run
2285164,4,5,run
2285165,8,3,run
2285166,2,2,run
2285167,8,10,run
2285168,6,7,run
2285169,2,6,run
2285170,0,3,run
2285172,0,3,run
2285173,4,1,run
2285245,5,8,run
2285246,5,8,run
2285271,9,4,run
2285273,9,4,run
2285399,0,3,run
2285400,0,3,run
2285506,1,6,run
2285508,1,6,run
2285628,0,3,run
2285629,0,3,run
2285729,8,10,run
2285730,8,10,run
2285768,1,6,run
2285769,1,6,run
2285795,7,1,run
2285796,7,1,run
2285813,6,7,run
2285814,6,7,run
2285857,0,3,run
2285858,0,3,run
2285909,2,6,run
2285910,2,6,run
2285961,3,1,run
2285963,3,1,run
2286030,1,6,run
2286031,1,6,run
2286086,0,3,run
2286087,0,3,run
2286184,5,8,run
2286185,5,8,run
2286231,4,1,run
2286232,4,1,run
2286289,8,10,run
2286290,8,10,run
2286292,1,6,run
2286293,1,6,run
2286294,1,6,run
2286313,9,4,run
2286314,9,4,run
2286315,0,3,run
2286316,0,3,run
2286459,6,7,run
2286460,6,7,run
2286545,0,3,run
2286546,0,3,run
2286547,3,1,run
2286554,1,6,run
2286555,1,6,run
2286556,1,6,run
2286649,2,6,run
2286650,2,6,run
2286668,7,10,run
2286669,4,9,run
2286670,0,8,run
2286670,0,8,run
2286671,2,7,run
2286672,3,7,run
2286673,3,7,run
2286674,5,6,run
2286676,1,5,run
2286676,1,5,run
2286677,6,5,run
2286678,9,4,run
2286679,8,1,run
2286680,8,1,run
2286681,0,1,retry
2286682,2,9,run
2286683,1,5,run
2286684,1,5,run
2286685,5,5,run
2286686,5,5,run
2286687,6,5,run
2286688,3,4,run
2286689,3,4,run
2286690,7,4,run
2286691,8,4,run
2286692,8,4,run
2286693,9,4,run
2286694,0,3,run
2286695,0,3,run
2286696,4,3,run
2286697,0,1,initial_priority
2286698,0,5,promoted_priority
2286699,0,1,running
2286700,1,5,ready
2286701,0,1,preempted
2286702,1,5,now_running
2286703,0,2,added
2286704,0,2,running
2286705,-1,-1,reset
2286706,0,2,ready
2286707,0,2,run_interrupt_safe_success
2286708,0,2,run_interrupt_safe_success
2286710,0,2,run_interrupt_safe_success
2286712,0,2,run_interrupt_safe_success
2286714,0,2,run_interrupt_safe_success
2286716,0,2,run_interrupt_safe_success
2286718,0,2,run_interrupt_safe_success
2286720,0,2,run_interrupt_safe_success
2286722,0,2,run_interrupt_safe_success
2286724,0,2,run_interrupt_safe_success
2286725,0,1,running
2286727,1,3,ready
2286728,2,5,ready
2286728,0,1,preempted_by_1
2286729,1,3,now_running
2286730,1,3,preempted_by_2
2286731,2,5,now_running
2286732,0,3,ready
2286733,0,3,run_interrupt_safe_success
